{
  "formatVersion": 1,
  "database": {
    "version": 1,
    "identityHash": "ba96be2a5936f58315d24804c428640b",
    "entities": [
      {
        "tableName": "Course",
        "createSql": "CREATE TABLE IF NOT EXISTS `${TABLE_NAME}` (`id` INTEGER PRIMARY KEY AUTOINCREMENT NOT NULL, `user_id` TEXT, `parent_id` TEXT, `course_id` TEXT, `course_type` INTEGER NOT NULL, `cover` TEXT, `course_name` TEXT, `course_info` TEXT, `major_name` TEXT, `create_time` TEXT, `sort` INTEGER NOT NULL)",
        "fields": [
          {
            "fieldPath": "id",
            "columnName": "id",
            "affinity": "INTEGER",
            "notNull": true
          },
          {
            "fieldPath": "userId",
            "columnName": "user_id",
            "affinity": "TEXT",
            "notNull": false
          },
          {
            "fieldPath": "parentId",
            "columnName": "parent_id",
            "affinity": "TEXT",
            "notNull": false
          },
          {
            "fieldPath": "courseId",
            "columnName": "course_id",
            "affinity": "TEXT",
            "notNull": false
          },
          {
            "fieldPath": "courseType",
            "columnName": "course_type",
            "affinity": "INTEGER",
            "notNull": true
          },
          {
            "fieldPath": "cover",
            "columnName": "cover",
            "affinity": "TEXT",
            "notNull": false
          },
          {
            "fieldPath": "courseName",
            "columnName": "course_name",
            "affinity": "TEXT",
            "notNull": false
          },
          {
            "fieldPath": "courseInfo",
            "columnName": "course_info",
            "affinity": "TEXT",
            "notNull": false
          },
          {
            "fieldPath": "majorName",
            "columnName": "major_name",
            "affinity": "TEXT",
            "notNull": false
          },
          {
            "fieldPath": "createTime",
            "columnName": "create_time",
            "affinity": "TEXT",
            "notNull": false
          },
          {
            "fieldPath": "sort",
            "columnName": "sort",
            "affinity": "INTEGER",
            "notNull": true
          }
        ],
        "primaryKey": {
          "columnNames": [
            "id"
          ],
          "autoGenerate": true
        },
        "indices": [],
        "foreignKeys": []
      },
      {
        "tableName": "Resource",
        "createSql": "CREATE TABLE IF NOT EXISTS `${TABLE_NAME}` (`id` INTEGER PRIMARY KEY AUTOINCREMENT NOT NULL, `user_id` TEXT, `course_id` TEXT, `resource_id` TEXT, `polyv_vid` TEXT, `lecturer_name` TEXT, `lecturer_photo` TEXT, `resource_title` TEXT, `resource_total_size` INTEGER NOT NULL, `resource_duration` TEXT, `resource_video_path` TEXT, `download_status` INTEGER NOT NULL, `super_parent_type` INTEGER NOT NULL, `resource_type` INTEGER NOT NULL, `super_parent_id` TEXT, `download_progress` INTEGER NOT NULL, `resource_track_index` INTEGER NOT NULL, `create_time` TEXT, `sort` INTEGER NOT NULL, `isChoose` INTEGER NOT NULL)",
        "fields": [
          {
            "fieldPath": "id",
            "columnName": "id",
            "affinity": "INTEGER",
            "notNull": true
          },
          {
            "fieldPath": "userId",
            "columnName": "user_id",
            "affinity": "TEXT",
            "notNull": false
          },
          {
            "fieldPath": "courseId",
            "columnName": "course_id",
            "affinity": "TEXT",
            "notNull": false
          },
          {
            "fieldPath": "resourceId",
            "columnName": "resource_id",
            "affinity": "TEXT",
            "notNull": false
          },
          {
            "fieldPath": "videoId",
            "columnName": "polyv_vid",
            "affinity": "TEXT",
            "notNull": false
          },
          {
            "fieldPath": "lecturerName",
            "columnName": "lecturer_name",
            "affinity": "TEXT",
            "notNull": false
          },
          {
            "fieldPath": "lecturerPhoto",
            "columnName": "lecturer_photo",
            "affinity": "TEXT",
            "notNull": false
          },
          {
            "fieldPath": "resourceName",
            "columnName": "resource_title",
            "affinity": "TEXT",
            "notNull": false
          },
          {
            "fieldPath": "resourceSize",
            "columnName": "resource_total_size",
            "affinity": "INTEGER",
            "notNull": true
          },
          {
            "fieldPath": "resourceDuration",
            "columnName": "resource_duration",
            "affinity": "TEXT",
            "notNull": false
          },
          {
            "fieldPath": "resourceLocalPath",
            "columnName": "resource_video_path",
            "affinity": "TEXT",
            "notNull": false
          },
          {
            "fieldPath": "status",
            "columnName": "download_status",
            "affinity": "INTEGER",
            "notNull": true
          },
          {
            "fieldPath": "resourceType",
            "columnName": "super_parent_type",
            "affinity": "INTEGER",
            "notNull": true
          },
          {
            "fieldPath": "resourceSelfType",
            "columnName": "resource_type",
            "affinity": "INTEGER",
            "notNull": true
          },
          {
            "fieldPath": "currentTopId",
            "columnName": "super_parent_id",
            "affinity": "TEXT",
            "notNull": false
          },
          {
            "fieldPath": "downProgress",
            "columnName": "download_progress",
            "affinity": "INTEGER",
            "notNull": true
          },
          {
            "fieldPath": "resourceTrack",
            "columnName": "resource_track_index",
            "affinity": "INTEGER",
            "notNull": true
          },
          {
            "fieldPath": "createTime",
            "columnName": "create_time",
            "affinity": "TEXT",
            "notNull": false
          },
          {
            "fieldPath": "sort",
            "columnName": "sort",
            "affinity": "INTEGER",
            "notNull": true
          },
          {
            "fieldPath": "isChoose",
            "columnName": "isChoose",
            "affinity": "INTEGER",
            "notNull": true
          }
        ],
        "primaryKey": {
          "columnNames": [
            "id"
          ],
          "autoGenerate": true
        },
        "indices": [],
        "foreignKeys": []
      }
    ],
    "setupQueries": [
      "CREATE TABLE IF NOT EXISTS room_master_table (id INTEGER PRIMARY KEY,identity_hash TEXT)",
      "INSERT OR REPLACE INTO room_master_table (id,identity_hash) VALUES(42, \"ba96be2a5936f58315d24804c428640b\")"
    ]
  }
}